location,source,target,id,fuzzy,context,translator_comments,developer_comments
,StarCraft: Remastered,스타크래프트: 리마스터,,False,,,
,StarCraft,스타크래프트,,False,,,
,Blizzard,블리자드,,False,,,
,"Blizzard Entertainment, Inc.",블리자드 엔터테인먼트 주식회사,,False,,,
,ShieldBattery,ShieldBattery,,False,,,
,Leagues,리그,,False,,,
,Lobbies,로비,,False,,,
,Lobby,로비,,False,,,
,Turn rate,턴 속도,,False,,,
,1v1,1:1,,False,,,
,2v2,2:2,,False,,,
,Game type,게임 방식,,False,,,
,Map,맵,,False,,,
,Tileset,타일셋,,False,,,
,Race,종족,,False,,,
,Match,경기,,False,,,
,Replays,리플레이,,False,,,
,Gameplay,게임플레이,,False,,,
,1v1 Fastest,1:1 빨무,,False,,,
,Matchmaking,매치메이킹,,False,,,
,Points,점수,,False,,,
,Rating,레이팅,,False,,,
,3v3,3:3,,False,,,
,Whisper,귓속말,,False,,,
,Notification,알림,,False,,,
,Notifications,알림,,False,,,
,StarCraft,StarCraft,,False,For instructional text,,
,Achievement,업적,,False,,,
,Achievements,업적,,False,,,
,Rank,순위,,False,,,
,Seasons,시즌,,False,,,
,Season,시즌,,False,,,
,Ranked,랭크전,,False,,,
,Maps,맵,,False,,,
,Vespene Geyser,베스핀 가이져,,False,,,
,Left Upper Level Door,왼쪽 상층 문,,False,,,
,Terran Siege Tank,테란 시즈 탱크,,False,,,
,Tank Turret,탱크 터렛,,False,,,
,Terran SCV,테란 SCV,,False,,,
,Right Pit Door,오른쪽 구덩이 문,,False,,,
,Right Wall Flame Trap,오른쪽 벽 화염 트랩,,False,,,
,Data Disc,데이터 디스크,,False,,,
,Nuclear Strike,뉴클리어 스트라이크,,False,,,
,EMP Shockwave,EMP 쇼크웨이브,,False,,,
,Dual Photon Blasters,이중 양자포,,False,,,
,Spider Mines,스파이더 마인,,False,,,
,Personnel Cloaking,퍼스널 클로킹,,False,,,
,Research Irradiate\n(Science Vessel ability),이래디에이트 연구\n(사이언스 베슬 능력),,False,,,
,Tank Mode,탱크 모드,,False,,,
,Plague,플레이그,,False,,,
,Evolve Plague\n(Defiler ability),플레이그 진화\n(디파일러 능력),,False,,,
,Infest:\n   Evolve at Queen's Nest,인페스트:\n   퀸스 네스트에서 진화,,False,,,
,Stasis Field,정지장,,False,,,
,Terran Wraith,테란 레이스,,False,,,
,Terran Science Vessel,테란 사이언스 베슬,,False,,,
,Gui Montag,구이 몬타그,,False,,,
,Terran Dropship,테란 드롭십,,False,,,
,Zerg Flyer Carapace,저그 플라이어 캐러페이스,,False,,,
,Gamete Meiosis,게미트 마이오시스,,False,,,
,Terran Battlecruiser,테란 배틀크루저,,False,,,
,Vulture Spider Mine,벌쳐 스파이더 마인,,False,,,
,Terran Civilian,테란 민간인,,False,,,
,Sarah Kerrigan,사라 케리건,,False,,,
,Upgrade Infantry Weapons,보병 공격력 업그레이드,,False,,,
,Alan Schezar,앨런 세자르,,False,,,
,Jim Raynor,짐 레이너,,False,,,
,Tom Kazansky,톰 카잔스키,,False,,,
,Magellan,마젤란,,False,,,
,Upgrade Flyer Attacks,비행체 공격 업그레이드,,False,,,
,Duke Turret,듀크 터렛,,False,,,
,Arcturus Mengsk,아크튜러스 맹스크,,False,,,
,Norad II,노라드 II,,False,,,
,Terran Firebat,테란 파이어뱃,,False,,,
,Scanner Sweep,스캐너 스윕,,False,,,
,Terran Medic,테란 메딕,,False,,,
,Zerg Larva,저그 라바,,False,,,
,Zerg Zergling,저그 저글링,,False,,,
,Zerg Hydralisk,저그 히드라리스크,,False,,,
,Zerg Ultralisk,저그 울트라리스크,,False,,,
,Zerg Overlord,저그 오버로드,,False,,,
,Zerg Mutalisk,저그 뮤탈리스크,,False,,,
,Zerg Guardian,저그 가디언,,False,,,
,Zerg Queen,저그 퀸,,False,,,
,Zerg Defiler,저그 디파일러,,False,,,
,Torrasque,토라스크,,False,,,
,Matriarch,대모,,False,,,
,Infested Kerrigan,인페스티드 케리건,,False,,,
,Unclean One,불결한 존재,,False,,,
,Hunter Killer,헌터 킬러,,False,,,
,Kukulza,쿠쿨자,,False,,,
,Yggdrasill,위그드라실,,False,,,
,Terran Valkyrie,테란 발키리,,False,,,
,Protoss Corsair,프로토스 커세어,,False,,,
,Protoss Dark Templar,프로토스 다크 템플러,,False,,,
,Zerg Devourer,저그 디바우러,,False,,,
,Protoss Dark Archon,프로토스 다크 아콘,,False,,,
,Evolve Muscular Augments\n(Faster Hydralisk movement),머스큘러 아규먼츠\n(히드라리스크 이동 속도 증가),,False,,,
,Protoss Zealot,프로토스 질럿,,False,,,
,Protoss Dragoon,프로토스 드라군,,False,,,
,Protoss High Templar,프로토스 하이 템플러,,False,,,
,Protoss Archon,프로토스 아콘,,False,,,
,Protoss Shuttle,프로토스 셔틀,,False,,,
,Protoss Scout,프로토스 스카우트,,False,,,
,Protoss Arbiter,프로토스 아비터,,False,,,
,Protoss Carrier,프로토스 캐리어,,False,,,
,Dark Templar,다크 템플러,,False,,,
,Zeratul,제라툴,,False,,,
,Tassadar/Zeratul,태사다르/제라툴,,False,,,
,Fenix,피닉스,,False,,,
,Tassadar,태사다르,,False,,,
,Mojo,모조,,False,,,
,Gantrithor,간트리서,,False,,,
,Protoss Reaver,프로토스 리버,,False,,,
,Protoss Observer,프로토스 옵저버,,False,,,
,Aldaris,알다리스,,False,,,
,Artanis,아르타니스,,False,,,
,Rhynadon,라이나돈,,False,,,
,Bengalaas,벤갈라스,,False,,,
,Develop Gravitic Booster\n(Faster Observer movement),그래비틱 부스터 개발\n(옵저버 이동 속도 증가),,False,,,
,Unused,미사용,,False,,,
,Scantid,스캔티드,,False,,,
,Kakaru,카카루,,False,,,
,Ragnasaur,라그나사우르,,False,,,
,Ursadon,우르사돈,,False,,,
,Raszagal,라자갈,,False,,,
,Samir Duran,사미르 듀란,,False,,,
,Alexei Stukov,알렉세이 스투코프,,False,,,
,Map Revealer,지도 탐색기,,False,,,
,Gerard DuGalle,제라드 듀갈,,False,,,
,Zerg Lurker,저그 러커,,False,,,
,Infested Duran,인페스티드 듀란,,False,,,
,Disruption Field,디스럽션 필드,,False,,,
,Terran Command Center,테란 커맨드 센터,,False,,,
,Terran Comsat Station,테란 콤샛 스테이션,,False,,,
,Terran Nuclear Silo,테란 뉴클리어 사일로,,False,,,
,Terran Supply Depot,테란 서플라이 디포,,False,,,
,Terran Refinery,테란 리파이너리,,False,,,
,Terran Academy,테란 아카데미,,False,,,
,Terran Factory,테란 팩토리,,False,,,
,Terran Starport,테란 스타포트,,False,,,
,Terran Control Tower,테란 컨트롤 타워,,False,,,
,Terran Covert Ops,테란 코버트 옵스,,False,,,
,Terran Physics Lab,테란 피직스 랩,,False,,,
,Unused Terran Bldg,미사용 테란 건물,,False,,,
,Terran Machine Shop,테란 머신 샵,,False,,,
,Terran Engineering Bay,테란 엔지니어링 베이,,False,,,
,Terran Armory,테란 아머리,,False,,,
,Terran Missile Turret,테란 미사일 터렛,,False,,,
,Terran Bunker,테란 벙커,,False,,,
,Ion Cannon,이온 포,,False,,,
,Uraj Crystal,우라즈 수정,,False,,,
,Khalis Crystal,칼리스 수정,,False,,,
,Infested Command Center,인페스티드 커맨드 센터,,False,,,
,Zerg Lair,저그 레어,,False,,,
,Zerg Hive,저그 하이브,,False,,,
,Zerg Nydus Canal,저그 나이더스 커널,,False,,,
,Zerg Hydralisk Den,저그 히드라리스크 덴,,False,,,
,Zerg Defiler Mound,저그 디파일러 마운드,,False,,,
,Zerg Queen's Nest,저그 퀸스 네스트,,False,,,
,Zerg Ultralisk Cavern,저그 울트라리스크 캐번,,False,,,
,Zerg Spire,저그 스파이어,,False,,,
,Zerg Spawning Pool,저그 스포닝 풀,,False,,,
,Zerg Creep Colony,저그 크립 콜로니,,False,,,
,Zerg Sunken Colony,저그 성큰 콜로니,,False,,,
,Zerg Overmind,저그 오버마인드,,False,,,
,Zerg Extractor,저그 익스트렉터,,False,,,
,Mature Chrysalis,다 자란 번데기,,False,,,
,Zerg Cerebrate,저그 정신체,,False,,,
,Zerg Cerebrate Daggoth,저그 정신체 다고스,,False,,,
,Protoss Nexus,프로토스 넥서스,,False,,,
,Develop Khaydarin Core\n(+50 Arbiter energy),케이다린 코어 연구\n(아비터 에너지 +50),,False,,,
,Protoss Pylon,프로토스 파일론,,False,,,
,Protoss Unused,프로토스 미사용,,False,,,
,Protoss Observatory,프로토스 옵저버토리,,False,,,
,Protoss Gateway,프로토스 게이트웨이,,False,,,
,Protoss Photon Cannon,프로토스 포톤 캐논,,False,,,
,Protoss Citadel of Adun,프로토스 시타델 오브 아둔,,False,,,
,Protoss Cybernetics Core,프로토스 사이버네틱스 코어,,False,,,
,Protoss Templar Archives,프로토스 템플러 아카이브스,,False,,,
,Protoss Forge,프로토스 포지,,False,,,
,Protoss Stargate,프로토스 스타게이트,,False,,,
,Stasis Cell/Prison,정지장/감옥,,False,,,
,Protoss Arbiter Tribunal,프로토스 아비터 트라이뷰널,,False,,,
,Protoss Robotics Support Bay,프로토스 로보틱스 서포트 베이,,False,,,
,Protoss Shield Battery,프로토스 쉴드 배터리,,False,,,
,Khaydarin Crystal Formation,케이다린 수정 형성부,,False,,,
,Protoss Temple,프로토스 사원,,False,,,
,Xel'Naga Temple,젤나가 사원,,False,,,
,Mineral Field,미네랄 필드,,False,,,
,Cave,동굴,,False,,,
,Cantina,휴게실,,False,,,
,Mining Platform,채광 정거장,,False,,,
,Independent Command Center,독립 커맨드 센터,,False,,,
,Independent Starport,독립 스타포트,,False,,,
,Jump Gate,도약 관문,,False,,,
,Ruins,폐허,,False,,,
,Kyadarin Crystal Formation,케이다린 수정 형성부,,False,,,
,Warp Gate,차원 관문,,False,,,
,Psi Disrupter,사이오닉 분열기,,False,,,
,Zerg Marker,저그 마커,,False,,,
,Terran Marker,테란 마커,,False,,,
,Protoss Marker,프로토스 마커,,False,,,
,"Nothing to harvest. Find a Mine, or build a Refinery at a Vespene Geyser.",채취할 자원이 없습니다. 광물을 찾거나 베스핀 가이저에 리파이너리를 건설하십시오.,,False,,,
,Nuclear Missile,뉴클리어 미사일,,False,,,
,Alan Turret,앨런 포탑,,False,,,
,Edmund Duke,에드먼드 듀크,,False,,,
,Hyperion,히페리온,,False,,,
,Zerg Egg,저그 에그,,False,,,
,Zerg Broodling,저그 브루들링,,False,,,
,Zerg Drone,저그 드론,,False,,,
,Zerg Scourge,저그 스컬지,,False,,,
,Infested Terran,인페스티드 테란,,False,,,
,Devouring One,디바우어링 원,,False,,,
,Cocoon,코쿤,,False,,,
,Protoss Probe,프로토스 프로브,,False,,,
,Protoss Interceptor,프로토스 인터셉터,,False,,,
,Warbringer,워브링거,,False,,,
,Protoss Scarab,프로토스 스캐럽,,False,,,
,Terran Marine,테란 마린,,False,,,
,Terran Ghost,테란 고스트,,False,,,
,Terran Vulture,테란 벌쳐,,False,,,
,Terran Goliath,테란 골리앗,,False,,,
,Danimoth,다니모스,,False,,,
,Zerg Lurker Egg,저그 러커 에그,,False,,,
,Terran Barracks,테란 배럭스,,False,,,
,Terran Science Facility,테란 사이언스 퍼실리티,,False,,,
,Zerg Hatchery,저그 해처리,,False,,,
,Zerg Greater Spire,저그 그레이터 스파이어,,False,,,
,Zerg Evolution Chamber,저그 에볼루션 체임버,,False,,,
,Zerg Spore Colony,저그 스포어 콜로니,,False,,,
,Unused Zerg Bldg,미사용 저그 건물,,False,,,
,Unused Zerg Bldg 5,미사용 저그 건물 5,,False,,,
,Protoss Robotics Facility,프로토스 로보틱스 퍼실리티,,False,,,
,Protoss Assimilator,프로토스 어시밀레이터,,False,,,
,Protoss Fleet Beacon,프로토스 플릿 비콘,,False,,,
,Cave-in,동굴 입구,,False,,,
,per rocket,로켓 당,,False,,,
,1st Lieutenant,중위,,False,,,
,Must target injured non-mechanical ground units,기계가 아닌 부상당한 지상 유닛을 대상으로 해야 합니다.,,False,,,
,Must target enemy units,적 유닛을 대상으로 해야 합니다.,,False,,,
,Must target non-mechanical units.,기계가 아닌 유닛을 대상으로 해야 합니다.,,False,,,
,Must target units with energy.,에너지가 있는 유닛을 대상으로 해야 합니다.,,False,,,
,Medic Heal,메딕 힐,,False,,,
,Cast Disruption Web,디스트럽션 웹 시전,,False,,,
,Cast Mind Control,마인드 컨트롤 시전,,False,,,
,Warping Dark Archon,다크 아콘 소환,,False,,,
,Cast Feedback,피드백 시전,,False,,,
,Cast Optical Flare,옵티컬 플레어 시전,,False,,,
,Cast Shockwave,쇼크웨이브 시전,,False,,,
,Heal Move,힐 이동,,False,,,
,Medic Hold Position,메딕 위치 사수,,False,,,
,Junk Yard Dog,쓰레기장 개,,False,,,
,View Players,플레이어 보기,,False,,,
,Speed Up,빠르게 (U),,False,,,
,Play,플레이 (P),,False,,,
,Pause,일시 정지 (P),,False,,,
,Slow Down,느리게 (D),,False,,,
,Replay Progress,리플레이 진행 상황,,False,,,
,Paused,일시 정지됨,,False,,,
,Unlimited,무제한,,False,,,
,Seeking To: %s,추적: : %s,,False,,,
,Player,플레이어,,False,,,
,APM,APM,,False,,,
,EPM,분당 유효 행동수,,False,,,
,Zerg Beacon,저그 신호소,,False,,,
,Terran Beacon,테란 신호소,,False,,,
,Protoss Beacon,프로토스 신호소,,False,,,
,Zerg Flag Beacon,저그 깃발 보관소,,False,,,
,Terran Flag Beacon,테란 깃발 보관소,,False,,,
,Protoss Flag Beacon,프로토스 깃발 보관소,,False,,,
,Power Generator,동력 생성기,,False,,,
,Overmind Cocoon,초월체 고치,,False,,,
,Dark Swarm,다크 스웜,,False,,,
,Floor Missile Trap,바닥 미사일 트랩,,False,,,
,Floor Hatch (UNUSED),바닥 해치 (미사용),,False,,,
,Right Upper Level Door,오른쪽 상층 문,,False,,,
,Left Pit Door,왼쪽 구덩이 문,,False,,,
,Floor Gun Trap,지상 포 트랩,,False,,,
,Left Wall Missile Trap,왼쪽 벽 미사일 트랩,,False,,,
,Left Wall Flame Trap,왼쪽 벽 화염 트랩,,False,,,
,Right Wall Missile Trap,오른쪽 벽 미사일 트랩,,False,,,
,Start Location,시작 위치,,False,,,
,Flag,깃발,,False,,,
,Young Chrysalis,덜 자란 번데기,,False,,,
,Psi Emitter,사이오닉 방출기,,False,,,
,Khaydarin Crystal,케이다린 수정,,False,,,
,Mineral Chunk,미네랄 덩어리,,False,,,
,Vespene Orb,베스핀 보주,,False,,,
,Vespene Sac,베스핀 주머니,,False,,,
,Vespene Tank,베스핀 탱크,,False,,,
,Gauss Rifle,가우스 소총,,False,,,
,C-10 Canister Rifle,C-10 산탄 소총,,False,,,
,Fragmentation Grenade,파편 유탄,,False,,,
,Twin Autocannons,2연장 자동포,,False,,,
,Hellfire Missile Pack,지옥불 미사일,,False,,,
,Arclite Cannon,아크라이트 포,,False,,,
,Fusion Cutter,융합 절단기,,False,,,
,Gemini Missiles,쌍둥이 미사일,,False,,,
,Burst Lasers,버스트 레이저,,False,,,
,ATS Laser Battery,공대지 레이저 포대,,False,,,
,ATA Laser Battery,공대공 레이저 포대,,False,,,
,Flame Thrower,화염방사기,,False,,,
,Arclite Shock Cannon,아크라이트 충격포,,False,,,
,Longbolt Missile,장거리 미사일,,False,,,
,Claws,발톱,,False,,,
,Needle Spines,바늘 가시뼈,,False,,,
,Kaiser Blades,카이저 칼날,,False,,,
,Toxic Spores,독성 포자,,False,,,
,Spines,가시뼈,,False,,,
,Acid Spray,산성 분출,,False,,,
,Acid Spore,애시드 스포어,,False,,,
,Glave Wurm,쐐기 벌레,,False,,,
,Venom,맹독,,False,,,
,Suicide,자폭,,False,,,
,Seeker Spores,추적 포자,,False,,,
,Subterranean Tentacle,지하 촉수,,False,,,
,Warp Blades,변형 차원검,,False,,,
,Particle Beam,입자 광선,,False,,,
,Psi Blades,사이오닉 검,,False,,,
,Phase Disruptor,위상 분열기,,False,,,
,Psi Assault,사이오닉 어썰트,,False,,,
,Psionic Shockwave,사이오닉 충격파,,False,,,
,Anti-matter Missiles,반물질 미사일,,False,,,
,Phase Disruptor Cannon,차원 분열포,,False,,,
,Pulse Cannon,파동포,,False,,,
,STS Photon Cannon,STS 포톤 캐논,,False,,,
,STA Photon Cannon,STA 포톤 캐논,,False,,,
,Scarab,스캐럽,,False,,,
,Missiles,미사일,,False,,,
,Laser Battery,레이저 포,,False,,,
,Raider Gun,습격포,,False,,,
,Flechette Grenade,강철제 화살탄,,False,,,
,Tormentor Missiles,토멘터 미사일,,False,,,
,Bombs,폭탄,,False,,,
,Undefined Weapon Name,정의되지 않은 무기 이름,,False,,,
,Stim Packs,전투 자극제,,False,,,
,Lockdown,락다운,,False,,,
,Tank Siege Mode,탱크 공성 모드,,False,,,
,Defensive Matrix,디펜시브 매트릭스,,False,,,
,Irradiate,이레디에이트,,False,,,
,Yamato Gun,야마토 건,,False,,,
,Cloaking Field,클로킹 필드,,False,,,
,Research Stim Pack Tech\n(Marine and Firebat ability),스팀 팩 연구\n(마린 및 파이어뱃 능력),,False,,,
,Research Lockdown\n(Ghost ability),락다운 연구\n(유령 능력),,False,,,
,Research EMP Shockwave\n(Science Vessel ability),EMP 쇼크웨이브 연구\n(사이언스 베슬 능력),,False,,,
,Research Spider Mines\n(Vulture ability),스파이더 마인\n(벌쳐 능력),,False,,,
,Research Siege Tech\n(Siege Tank ability),공성 모드 연구\n(시즈 탱크 능력),,False,,,
,Research Defensive Matrix\n(Science Vessel ability),디펜시브 매트릭스 연구\n(사이언스 베슬 능력),,False,,,
,Research Yamato Gun\n(Battlecruiser ability),야마토 건 연구\n(배틀크루저 능력),,False,,,
,Research Cloaking Field\n(Wraith ability),클로킹 필드 연구\n(레이스 능력),,False,,,
,Research Personnel Cloaking\n(Ghost ability),퍼스널 클로킹 연구\n(고스트 능력),,False,,,
,Use Stim Packs,스팀 팩 사용,,False,,,
,Use Spider Mines,스파이더 마인 사용,,False,,,
,Scanner Sweep (Detector),스캐너 스윕 (디텍터),,False,,,
,Siege Mode,공성 모드,,False,,,
,Activate Defensive Matrix,디펜시브 매트릭스 활성화,,False,,,
,Activate EMP Shockwave,EMP 쇼크웨이브 활성화,,False,,,
,Cloak,클로크,,False,,,
,Decloak,디클로크,,False,,,
,Stim Packs:\n   Research at Academy,스팀 팩:\n   아카데미에서 연구,,False,,,
,Lockdown:\n   Research at Covert Ops,락다운:\n   코버트 옵스에서 연구,,False,,,
,Infantry Armor L1 Require:\n   Nothing,인펀트리 아머 1단계 요구 사항:\n   없음,,False,,,
,Spider Mines:\n   Research at Machine Shop,스파이더 마인:\n   머신 샵에서 연구,,False,,,
,Siege Mode:\n   Research at Machine Shop,시즈 모드:\n   머신 샵에서 연구,,False,,,
,Defensive Matrix:\n   Research at Science Facility,디펜시브 매트릭스:\n   사이언스 퍼실리티에서 연구,,False,,,
,EMP Shockwave:\n   Research at Science Facility,EMP 쇼크웨이브:\n   사이언스 퍼실리티에서 연구,,False,,,
,Irradiate:\n   Research at Science Facility,이레디에이트:\n   사이언스 퍼실리티에서 연구,,False,,,
,Yamato Gun:\n   Research at Physics Lab,야마토 건:\n   피직스 랩에서 연구,,False,,,
,Cloaking Field:\n   Research at Control Tower,클로킹 필드:\n   컨트롤 타워에서 연구,,False,,,
,Personnel Cloaking:\n   Research at Covert Ops,퍼스널 클로킹:\n   코버트 옵스에서 연구,,False,,,
,Burrowing,버로우,,False,,,
,Infestation,감염,,False,,,
,Spawn Broodling,브루들링 생성,,False,,,
,Parasite,패러사이트,,False,,,
,Consume,컨숨,,False,,,
,Ensnare,인스네어,,False,,,
,Evolve Burrow\n(Ground unit ability),버로우 진화 (지상 유닛 능력),,False,,,
,Evolve Infestation\n(Queen ability),인페스테이션 진화\n(퀸능력),,False,,,
,Evolve Spawn Broodling\n(Queen ability),브루들링 소환 진화\n(퀸능력),,False,,,
,Evolve Dark Swarm\n(Defiler ability),다크 스웜 진화\n(디파일러 능력),,False,,,
,Evolve Parasite\n(Queen ability),패러사이트 진화 (R)\n(퀸 능력),,False,,,
,Evolve Ensnare\n(Queen ability),인스네어 진화\n(퀸 능력),,False,,,
,Evolve Consume\n(Defiler ability),컨숨 진화\n(디파일러 능력),,False,,,
,Melee Attacks L1 Require:\n   Nothing,밀리 어택 1단계 요구 사항:\n   없음,,False,,,
,Burrow,버로우,,False,,,
,Unburrow,언버로우,,False,,,
,Infest Terran Command Center,인페스트 테란 커맨드 센터,,False,,,
,Spawn Broodlings,브루들링 소환 (B),,False,,,
,Burrow:\n   Evolve at Hatchery,버로우:\n   해처리에서 진화,,False,,,
,Ensnare:\n   Evolve at Queen's Nest,인스네어:\n   퀸스 네스트에서 진화,,False,,,
,Spawn Broodlings:\n   Evolve at Queen's Nest,브루들링 생성:\n   퀸스 네스트에서 진화,,False,,,
,Dark Swarm:\n   Evolve at Defiler Mound,다크 스웜:\n   디파일러 마운드에서 진화,,False,,,
,Parasite:\n   Evolve at Queen's Nest,패러사이트:\n   퀸스 네스트에서 진화,,False,,,
,Plague:\n   Evolve at Defiler Mound,플레이그:\n   디파일러 마운드에서 진화,,False,,,
,Consume:\n[5]Evolve at Defiler Mound,컨숨:\n[5]디파일러 마운드에서 진화,,False,,,
,Psionic Storm,사이오닉 스톰,,False,,,
,Hallucination,할루시네이션,,False,,,
,Recall,리콜,,False,,,
,Archon Warp,아콘 합체,,False,,,
,Develop Psionic Storm\n(Templar ability),사이오닉 스톰 개발\n(템플러 능력),,False,,,
,Develop Hallucination\n(Templar ability),할루시네이션 개발\n(템플러 능력),,False,,,
,Missile Attacks L3 Require:\n   Hive,미사일 어택 3단계 요구 사항:\n   하이브,,False,,,
,Develop Recall\n(Arbiter ability),리콜 개발\n(아비터 능력),,False,,,
,Develop Stasis Field\n(Arbiter ability),스테이시스 필드 개발\n(아비터 능력),,False,,,
,Develop Archon Warp\n(Templar ability),다크 아콘 연구\n(템플러 능력),,False,,,
,Psionic Storm:\n   Develop at Templar Archives,사이오닉 스톰:\n   템플러 아카이브스에서 개발,,False,,,
,Hallucination:\n   Develop at Templar Archives,할루시네이션:\n   템플러 아카이브스에서 개발,,False,,,
,Recall:\n   Develop at Arbiter Tribunal,리콜:\n   아비터 트라이뷰널에서 연구,,False,,,
,Stasis Field:\n   Develop at Arbiter Tribunal,스테이시스 필드:\n   아비터 트라이뷰널에서 연구,,False,,,
,Archon Warp:\n   Research at Templar Archives,아콘 합체:\n   템플러 아카이브스에서 연구,,False,,,
,Archon Warp:\n   Select 2 or more Templars,아콘 합체:\n   2기 이상의 하이 템플러 선택,,False,,,
,Terran Infantry Armor,테란 인펀트리 아머,,False,,,
,Terran Vehicle Plating,테란 차량 장갑,,False,,,
,Terran Ship Plating,테란 우주선 장갑,,False,,,
,Zerg Carapace,저그 캐러페이스,,False,,,
,Protoss Armor,프로토스 아머,,False,,,
,Protoss Plating,프로토스 플레이팅,,False,,,
,Terran Infantry Weapons,테란 보병 무기,,False,,,
,Terran Vehicle Weapons,테란 차량 무기,,False,,,
,Terran Ship Weapons,테란 쉽 웨픈,,False,,,
,Zerg Melee Attacks,저그 밀리 어택,,False,,,
,Zerg Missile Attacks,저그 미사일 어택,,False,,,
,Zerg Flyer Attacks,저그 플라이어 어택,,False,,,
,Protoss Ground Weapons,프로토스 그라운드 웨픈,,False,,,
,Protoss Air Weapons,프로토스 에어 웨픈,,False,,,
,Protoss Plasma Shields,프로토스 플라스마 쉴드,,False,,,
,U-238 Shells,U-238 쉘,,False,,,
,Ion Thrusters,이온 스러스터,,False,,,
,Titan Reactor,타이탄 리액터,,False,,,
,Ocular Implants,오큘러 임플란츠,,False,,,
,Moebius Reactor,뫼비우스 리액터,,False,,,
,Apollo Reactor,아폴로 리액터,,False,,,
,Colossus Reactor,콜로서스 리액터,,False,,,
,Ventral Sacs,벤트럴 섹,,False,,,
,Antennae,안테나,,False,,,
,Pneumatized Carapace,뉴머타이즈드 캐러페이스,,False,,,
,Metabolic Boost,메타볼릭 부스트,,False,,,
,Adrenal Glands,아드레날 글랜즈,,False,,,
,Muscular Augments,머스큘러 아규먼츠,,False,,,
,Grooved Spines,그루브드 스파인스,,False,,,
,Metasynaptic Node,메타시냅틱 노드,,False,,,
,Singularity Charge,싱귤러리티 차지,,False,,,
,Leg Enhancements,다리 강화,,False,,,
,Scarab Damage,스캐럽 공격력,,False,,,
,Reaver Capacity,리버 수용력,,False,,,
,Gravitic Drive,그래비틱 드라이브,,False,,,
,Sensor Array,센서 어레이,,False,,,
,Gravitic Boosters,그래비틱 부스터,,False,,,
,Khaydarin Amulet,케이다린 아뮬렛,,False,,,
,Apial Sensors,에이피얼 센서,,False,,,
,Gravitic Thrusters,그래비틱 스러스터,,False,,,
,Carrier Capacity,캐리어 커패시티,,False,,,
,Khaydarin Core,케이다린 코어,,False,,,
,Upgrade Infantry Armor,보병 방어력 업그레이드,,False,,,
,Upgrade Vehicle Plating,차량 방어력 업그레이드,,False,,,
,Upgrade Ship Plating,우주선 방어력 업그레이드,,False,,,
,Evolve Carapace,갑피 진화,,False,,,
,Evolve Flyer Carapace,비행체 갑피 진화,,False,,,
,Upgrade Ground Armor,지상 방어력 업그레이드,,False,,,
,Upgrade Air Armor,공중 방어력 업그레이드,,False,,,
,Upgrade Vehicle Weapons,차량 공격력 업그레이드,,False,,,
,Upgrade Ship Weapons,우주선 공격력 업그레이드,,False,,,
,Upgrade Melee Attacks,근접 공격력 업그레이드,,False,,,
,Upgrade Missile Attacks,미사일 어택 업그레이드,,False,,,
,Upgrade Ground Weapons,지상 공격력 업그레이드,,False,,,
,Upgrade Air Weapons,공중 공격력 업그레이드,,False,,,
,Upgrade Plasma Shields,플라스마 쉴드 업그레이드,,False,,,
,Research U-238 Shells\n(Increase Marine attack range),U-238 쉘 연구\n(마린 공격 사거리 증가),,False,,,
,Research Ion Thrusters\n(Faster Vulture movement),이온 스러스터 연구\n(벌쳐 이동 속도 증가),,False,,,
,Research Burst Lasers\n(Wraith Weapon),버스트 레이저 연구 (B)\n(레이스 무기),,False,,,
,Research Titan Reactor\n(+50 Science Vessel energy),타이탄 리액터 연구\n(사이언스 베슬 에너지 +50),,False,,,
,Research Moebius Reactor\n(+50 Ghost energy),뫼비우스 리액터 연구\n(고스트 에너지 +50),,False,,,
,Research Ocular Implants\n(Increase Ghost sight range),오큘러 임플란츠 연구\n(고스트 시야 범위 증가),,False,,,
,Research Apollo Reactor\n(+50 Wraith energy),아폴로 리액터 연구\n(레이스 에너지 +50),,False,,,
,Research Colossus Reactor\n(+50 Battlecruiser energy),콜로서스 리액터 연구\n(배틀크루저 에너지 +50),,False,,,
,Evolve Ventral Sacs\n(Transporting for Overlord),벤트럴 섹 진화\n(오버로드 수송 가능),,False,,,
,Evolve Antennae\n(Increase Overlord sight range),안테나 진화\n(오버로드 시야 범위 증가),,False,,,
,Evolve Pneumatized Carapace\n(Faster Overlord movement),뉴머타이즈드 캐러페이스 진화\n(오버로드 이동 속도 증가),,False,,,
,Evolve Metabolic Boost\n(Faster Zergling movement),메타볼릭 부스트 진화\n(저글링 이동 속도 증가),,False,,,
,Evolve Adrenal Glands\n(Faster Zergling Attack),아드레날린 글랜즈 진화\n(저글링 공격 속도 증가),,False,,,
,Evolve Grooved Spines\n(Increase Hydralisk attack range),그루브드 스파인스 진화\n(히드라리스크 공격 사거리 증가),,False,,,
,Evolve Gamete Meiosis\n(+50 Queen energy),게미트 마이오시스 진화\n(퀸 에너지 +50),,False,,,
,Evolve Metasynaptic Node\n(+50 Defiler energy),메타시냅틱 노드 진화\n(디파일러 에너지 +50),,False,,,
,Develop Singularity Charge\n(Increase Dragoon attack range),싱귤라리티 차지 개발\n(드라군 공격 사거리 증가),,False,,,
,Develop Leg Enhancements\n(Faster Zealot movement),레그 인핸스먼트\n(질럿 이동 속도 증가),,False,,,
,Upgrade Scarab Damage,스캐럽 공격력 증가,,False,,,
,Increase Reaver Capacity\n(+5 Max Scarabs),리버 수용력 증가\n(최대 스캐럽 +5),,False,,,
,Develop Gravitic Drive\n(Faster Shuttle movement),그래비틱 드라이브 개발\n(셔틀 이동 속도 증가),,False,,,
,Develop Sensor Array\n(Increase Observer sight range),센서 어레이 개발\n(옵저버 시야 범위 증가),,False,,,
,Develop Khaydarin Amulet\n(+50 Templar energy),케이다린 아뮬렛 개발\n(템플러 에너지 +50),,False,,,
,Develop Apial Sensors\n(Increase Scout sight range),에이피얼 센서 개발\n(스카우트 시야 범위 증가),,False,,,
,Develop Gravitic Thrusters\n(Faster Scout movement),그래비틱 스러스터 개발\n(스카우트 이동 속도 증가),,False,,,
,Increase Carrier Capacity\n(+4 Max Interceptors),캐리어 수용력 증가\n(최대 인터셉터 +4),,False,,,
,Infantry Armor L3 Require:\n   Science Facility,인펀트리 아머 3단계 요구 사항:\n   사이언스 퍼실리티,,False,,,
,Infantry Armor L2 Require:\n   Science Facility,인펀트리 아머 2단계 요구 사항:\n   사이언스 퍼실리티,,False,,,
,Infantry Weapons L1 Require:\n   Nothing,인펀트리 웨픈 1단계 요구 사항:\n   없음,,False,,,
,Infantry Weapons L2 Require:\n   Science Facility,인펀트리 웨픈 2단계 요구 사항:\n   사이언스 퍼실리티,,False,,,
,Infantry Weapons L3 Require:\n   Science Facility,인펀트리 웨픈 3단계 요구 사항:\n   사이언스 퍼실리티,,False,,,
,Vehicle Weapons L1 Require:\n   Nothing,비히클 웨픈 1단계 요구 사항:\n   없음,,False,,,
,Vehicle Weapons L2 Require:\n   Science Facility,비히클 웨픈 2단계 요구 사항:\n   사이언스 퍼실리티,,False,,,
,Vehicle Weapons L3 Require:\n   Science Facility,비히클 웨픈 3단계 요구 사항:\n   사이언스 퍼실리티,,False,,,
,Vehicle Plating L1 Requires:\n   Nothing,비히클 플레이팅 1단계 요구 사항:\n   없음,,False,,,
,Vehicle Plating L2 Requires:\n   Science Facility,비히클 플레이팅 2단계 요구 사항:\n   사이언스 퍼실리티,,False,,,
,Vehicle Plating L3 Requires:\n   Science Facility,비히클 플레이팅 3단계 요구 사항:\n   사이언스 퍼실리티,,False,,,
,Ship Weapons L1 Require:\n   Nothing,쉽 웨픈 1단계 요구 사항:\n   없음,,False,,,
,Ship Weapons L2 Require:\n   Science Facility,쉽 웨픈 2단계 요구 사항:\n   사이언스 퍼실리티,,False,,,
,Ship Weapons L3 Require:\n   Science Facility,쉽 웨픈 3단계 요구 사항:\n   사이언스 퍼실리티,,False,,,
,Ship Plating L1 Requires:\n   Nothing,쉽 플레이팅 1단계 요구 사항:\n   없음,,False,,,
,Ship Plating L2 Requires:\n   Science Facility,쉽 플레이팅 2단계 요구 사항:\n   사이언스 퍼실리티,,False,,,
,Ship Plating L3 Requires:\n   Science Facility,쉽 플레이팅 3단계 요구 사항:\n   사이언스 퍼실리티,,False,,,
,Melee Attacks L2 Require:\n   Lair,밀리 어택 2단계 요구 사항:\n   레어,,False,,,
,Melee Attacks L3 Require:\n   Hive,밀리 어택 3단계 요구 사항:\n   하이브,,False,,,
,Missile Attacks L1 Require:\n   Nothing,미사일 어택 1단계 요구 사항:\n   없음,,False,,,
,Missile Attacks L2 Require:\n   Lair,미사일 어택 2단계 요구 사항:\n   레어,,False,,,
,Carapace L1 Requires:\n   Nothing,캐러페이스 1단계 요구 사항:\n   없음,,False,,,
,Carapace L2 Requires:\n   Lair,캐러페이스 2단계 요구 사항:\n   레어,,False,,,
,Carapace L3 Requires:\n   Hive,캐러페이스 3단계 요구 사항:\n   하이브,,False,,,
,Flyer Attacks L1 Require:\n   Nothing,플라이어 어택 1단계 요구 사항:\n   없음,,False,,,
,Flyer Attacks L2 Require:\n   Lair,플라이어 어택 1단계 요구 사항:\n   레어,,False,,,
,Flyer Attacks L3 Require:\n   Hive,플라이어 어택 3단계 요구 사항:\n   하이브,,False,,,
,Flyer Carapace L1 Requires:\n   Nothing,플라이어 캐러페이스 1단계 요구 사항:\n   없음,,False,,,
,Flyer Carapace L2 Requires:\n   Lair,플라이어 캐러페이스 2단계 요구 사항:\n   레어,,False,,,
,Flyer Carapace L3 Requires:\n   Hive,플라이어 캐러페이스 3단계 요구 사항:\n   하이브,,False,,,
,Adrenal Glands Require:\n   Hive,아드레날 글랜즈 요구 사항:\n   하이브,,False,,,
,Ground Weapons L1 Require:\n   Nothing,그라운드 웨픈 1단계 요구 사항:\n   없음,,False,,,
,Ground Weapons L2 Require:\n   Templar Archives,그라운드 웨픈 2단계 요구 사항:\n   템플러 아카이브스,,False,,,
,Ground Weapons L3 Require:\n   Templar Archives,그라운드 웨픈 3단계 요구 사항:\n   템플러 아카이브스,,False,,,
,Air Weapons L1 Require:\n   Nothing,에어 웨픈 1단계 요구 사항:\n   없음,,False,,,
,Air Weapons L2 Require:\n   Fleet Beacon,에어 웨픈 2단계 요구 사항:\n   플릿 비콘,,False,,,
,Air Weapons L3 Require:\n   Fleet Beacon,에어 웨픈 3단계 요구 사항:\n   플릿 비콘,,False,,,
,Ground Armor L1 Requires:\n   Nothing,그라운드 아머 1단계 요구 사항:\n   없음,,False,,,
,Ground Armor L2 Requires:\n   Templar Archives,그라운드 아머 2단계 요구 사항:\n   템플러 아카이브스,,False,,,
,Ground Armor L3 Requires:\n   Templar Archives,그라운드 아머 3단계 요구 사항:\n   템플러 아카이브스,,False,,,
,Air Armor L1 Requires:\n   Nothing,에어 아머 1단계 요구 사항:\n   없음,,False,,,
,Air Armor L2 Requires:\n   Fleet Beacon,에어 아머 2단계 요구 사항:\n   플릿 비콘,,False,,,
,Air Armor L3 Requires:\n   Fleet Beacon,에어 아머 3단계 요구 사항:\n   플릿 비콘,,False,,,
,Shields L1 Require:\n   Nothing,쉴드 1단계 요구 조건:\n   없음,,False,,,
,Shields L2 Require:\n   Cybernetics Core,쉴드 2단계 요구 조건:\n   사이버네틱스 코어,,False,,,
,Shields L3 Require:\n   Cybernetics Core,보호막 3단계 요구 조건:\n   사이버네틱스 코어,,False,,,
,Recruit,신병,,False,,,
,Private,비공개,,False,,,
,Corporal,상병,,False,,,
,Specialist,전문가,,False,,,
,Sergeant,상사,,False,,,
,First Sergeant,중사,,False,,,
,Master Sergeant,정예근위병,,False,,,
,Warrant Officer,준위,,False,,,
,Captain,대위,,False,,,
,Major,소령,,False,,,
,Lt Commander,중령,,False,,,
,Colonel,대령,,False,,,
,Sergeant Major,원사,,False,,,
,Commodore,준장,,False,,,
,Marshal,보안관,,False,,,
,General,일반,,False,,,
,Lieutenant,부관,,False,,,
,Captain Raynor,레이너 대위,,False,,,
,General Duke,듀크 장군,,False,,,
,Admiral,제독,,False,,,
,Interceptors,인터셉터,,False,,,
,ESC,ESC,,False,,,
,Morph to Zerglings,저글링으로 변태,,False,,,
,Morph to Hydralisk,히드라리스크로 변태,,False,,,
,Morph to Ultralisk,울트라리스크로 변태,,False,,,
,Morph to Drone,드론으로 변태,,False,,,
,Morph to Overlord,오버로드로 변태,,False,,,
,Morph to Mutalisk,뮤탈리스크로 변태,,False,,,
,Guardian Aspect,가디언,,False,,,
,Morph to Queen,퀸으로 변태,,False,,,
,Morph to Defiler,디파일러로 변태,,False,,,
,Morph to Scourge,스컬지로 변태,,False,,,
,Train Infested Terran,인페스티드 테란 훈련,,False,,,
,Train Marine,마린 훈련,,False,,,
,Train Ghost,고스트 훈련,,False,,,
,Train Firebat,파이어뱃 훈련,,False,,,
,Build Vulture,벌쳐 생산,,False,,,
,Build Goliath,골리앗 생산,,False,,,
,Build Siege Tank,시즈 탱크 생산,,False,,,
,Build SCV,SCV 생산,,False,,,
,Build Wraith,레이스 생산,,False,,,
,Build Science Vessel,사이언스 베슬 생산,,False,,,
,Build Dropship,드롭십 생산,,False,,,
,Build Battlecruiser,배틀크루저 생산,,False,,,
,Arm Nuclear Silo,뉴클리어 사일로 무장,,False,,,
,Build Observer,옵저버 생산,,False,,,
,Build Probe,프로브 생산,,False,,,
,Warp in Zealot,질럿 소환,,False,,,
,Warp in Dragoon,드라군 소환,,False,,,
,Warp in High Templar,하이 템플러 소환,,False,,,
,Build Shuttle,셔틀 생산,,False,,,
,Warp in Scout,스카우트 소환,,False,,,
,Warp in Arbiter,아비터 소환,,False,,,
,Warp in Carrier,캐리어 소환,,False,,,
,Build Interceptor,인터셉터 생산,,False,,,
,Build Reaver,리버 생산,,False,,,
,Build Scarab,스캐럽 생산,,False,,,
,Hire Merc Biker,바이커 용병 고용 (B),,False,,,
,Hire Merc Gunship,무장 헬기 용병 고용 (G),,False,,,
,Hire Raider,습격자 고용 (R),,False,,,
,Mutate into Hatchery,해처리로 변이,,False,,,
,Mutate into Creep Colony,크립 콜로니로 변이,,False,,,
,Mutate into Extractor,익스트렉터로 변이,,False,,,
,Mutate into Spawning Pool,스포닝 풀로 변이,,False,,,
,Mutate into Evolution Chamber,에볼루션 체임버로 변이,,False,,,
,Mutate into Hydralisk Den,히드라리스크 덴으로 변이,,False,,,
,Mutate into Nydus Canal,나이더스 커널로 변이,,False,,,
,Mutate into Spire,스파이어로 변이,,False,,,
,Mutate into Queen's Nest,퀸스 네스트로 변이,,False,,,
,Mutate into Ultralisk Cavern,울트라리스크 캐번으로 변이,,False,,,
,Mutate into Defiler Mound,디파일러 마운드로 변이,,False,,,
,Mutate into Lair,레어로 변이,,False,,,
,Mutate into Hive,하이브로 변이,,False,,,
,Mutate into Greater Spire,그레이터 스파이어로 변이,,False,,,
,Mutate into Spore Colony,스포어 콜로니로 변이,,False,,,
,Mutate into Sunken Colony,성큰 콜로니로 변이,,False,,,
,Place Nydus Canal Exit,나이더스 커널 출구 배치,,False,,,
,Warp in Nexus,넥서스 소환,,False,,,
,Warp in Pylon,파일론 소환,,False,,,
,Warp in Assimilator,어시밀레이터 소환,,False,,,
,Warp in Gateway,게이트웨이 소환,,False,,,
,Warp in Forge,포지 소환,,False,,,
,Warp in Photon Cannon,포톤 캐논 소환,,False,,,
,Warp in Cybernetics Core,사이버네틱스 코어 소환,,False,,,
,Warp in Shield Battery,쉴드 배터리 소환,,False,,,
,Warp in Robotics Facility,로보틱스 퍼실리티 소환,,False,,,
,Warp in Observatory,옵서버토리 소환,,False,,,
,Warp in Citadel of Adun,시타델 오브 아둔 소환,,False,,,
,Warp in Templar Archives,템플러 아카이브스 소환,,False,,,
,Warp in Stargate,스타게이트 소환,,False,,,
,Warp in Fleet Beacon,플릿 비콘 소환,,False,,,
,Warp in Arbiter Tribunal,아비터 트라이뷰널 소환,,False,,,
,Warp in Robotics Support Bay,로보틱스 서포트 베이 소환,,False,,,
,Build Command Center,커맨드 센터 건설,,False,,,
,Build Supply Depot,서플라이 디포 건설,,False,,,
,Build Refinery,리파이너리 건설,,False,,,
,Build Barracks,배럭 건설,,False,,,
,Build Engineering Bay,엔지니어링 베이 건설,,False,,,
,Build Missile Turret,미사일 터렛 건설,,False,,,
,Build Academy,아카데미 건설,,False,,,
,Build Bunker,벙커 건설,,False,,,
,Build Factory,팩토리 건설,,False,,,
,Build Starport,스타포트 건설,,False,,,
,Build Science Facility,사이언스 퍼실리티 건설,,False,,,
,Build Armory,아머리 건설,,False,,,
,Build Comsat Station,콤샛 스테이션 건설,,False,,,
,Build Nuclear Silo,뉴클리어 사일로 건설,,False,,,
,Build Control Tower,컨트롤 타워 건설,,False,,,
,Build Covert Ops,코버트 옵스 건설,,False,,,
,Build Physics Lab,피직스 랩 건설,,False,,,
,Build Machine Shop,머신 샵 건설,,False,,,
,Move,이동,,False,,,
,Stop,정지,,False,,,
,Attack,공격,,False,,,
,Patrol,순찰,,False,,,
,Hold Position,위치 사수,,False,,,
,Way Points,이동 지점,,False,,,
,Land,착륙,,False,,,
,Liftoff,이륙,,False,,,
,Gather,채집,,False,,,
,Set Rally Point,집결 지점 설정,,False,,,
,Recharge Shields,리차지 쉴드,,False,,,
,Select Larva,라바 선택,,False,,,
,Return Cargo,자원 반환,,False,,,
,Repair,수리,,False,,,
,Build Structure,구조물 건설,,False,,,
,Build Advanced Structure,고급 구조물 건설,,False,,,
,Basic Mutation,기본 변이,,False,,,
,Advanced Mutation,고급 변이,,False,,,
,Advanced Morph,고급 변태,,False,,,
,Load,들이기,,False,,,
,Unload All,모두 내보내기,,False,,,
,Place COP,COP 배치,,False,,,
,ESC - Cancel,ESC - 취소,,False,,,
,ESC - Cancel Construction,ESC - 건설 취소,,False,,,
,ESC - Cancel Unit Training,ESC - 유닛 훈련 취소,,False,,,
,ESC - Cancel Upgrade,ESC - 업그레이드 취소,,False,,,
,ESC - Cancel Research,ESC - 연구 취소,,False,,,
,ESC - Cancel Last,ESC - 취소,,False,,,
,ESC - Cancel Addon,ESC - 부속건물 취소,,False,,,
,ESC - Cancel Morph,ESC - 변태 취소,,False,,,
,ESC - Cancel Mutation,ESC - 변이 취소,,False,,,
,ESC - Cancel Infestation,ESC - 감염 취소,,False,,,
,ESC - Cancel Nuclear Strike,ESC - 뉴클리어 스트라이크 취소,,False,,,
,ESC - Halt Construction,ESC - 건설 중지,,False,,,
,Ghost Requires:\n   Academy\n   Science Facility with\n   attached Covert Ops,고스트 요구 사항:\n   아카데미\n   사이언스 퍼실리티 및\n   부착된 코버트 옵스,,False,,,
,Firebat Requires:\n   Academy,파이어뱃 요구 사항:\n   아카데미,,False,,,
,Goliath Requires:\n   Armory,골리앗 요구 사항:\n   아머리,,False,,,
,Siege Tank Requires:\n   Attached Machine Shop,시즈 탱크 요구 사항:\n   부착된 머신 샵,,False,,,
,Science Vessel Requires:\n   Attached Control Tower\n   Science Facility,사이언스 베슬 요구 사항:\n   부착된 컨트롤 타워\n   사이언스 퍼실리티,,False,,,
,Dropship Requires:\n   Attached Control Tower,드롭십 요구 사항:\n   부착된 컨트롤 타워,,False,,,
,Battlecruiser Requires:\n   Attached Control Tower\n   Science Facility with\n   attached Physics Lab,배틀크루저 요구 사항:\n   부착된 컨트롤 타워\n   사이언스 퍼실리티 및\n   부착된 피직스 랩,,False,,,
,Comsat Station Requires:\n   Academy,콤샛 스테이션 요구 사항:\n   아카데미,,False,,,
,Nuclear Silo Requires:\n   Science Facility with\n   attached Covert Ops,뉴클리어 사일로 요구 사항:\n   사이언스 퍼실리티 및\n   부착된 코버트 옵스,,False,,,
,Barracks Requires:\n   Command Center,배럭스 건설 조건:\n   커맨드 센터,,False,,,
,Academy Requires:\n   Barracks,아카데미 건설 조건:\n   배럭스,,False,,,
,Factory Requires:\n   Barracks,팩토리 요구 조건:\n   배럭스,,False,,,
,Starport Requires:\n   Factory,스타포트 요구 사항:\n   팩토리,,False,,,
,Science Facility Requires:\n   Starport,사이언스 퍼실리티 요구 사항:\n   스타포트,,False,,,
,Engineering Bay Requires:\n   Command Center,엔지니어링 베이 요구 사항:\n   커맨드 센터,,False,,,
,Armory Requires:\n   Factory,아머리 건설 조건:\n 팩토리,,False,,,
,Missile Turret Requires:\n   Engineering Bay,미사일 터렛 요구 사항:\n   엔지니어링 베이,,False,,,
,Bunker Requires:\n   Barracks,벙커 요구 사항:\n   배럭스,,False,,,
,Dragoon Requires:\n   Cybernetics Core,드라군 요구 사항:\n   사이버네틱스 코어,,False,,,
,Templar Requires:\n   Templar Archives,템플러 요구 사항:\n   템플러 아카이브스,,False,,,
,Arbiter Requires:\n   Arbiter Tribunal,아비터 요구 사항:\n   아비터 트라이뷰널,,False,,,
,Carrier Requires:\n   Fleet Beacon,캐리어 요구 사항:\n   플릿 비콘,,False,,,
,Reaver Requires:\n   Robotics Support Bay,리버 요구 사항:\n   로보틱스 서포트 베이,,False,,,
,Observer Requires:\n   Observatory,옵저버 요구 사항:\n   옵저버토리,,False,,,
,Gateway Requires:\n   Nexus,게이트웨이 요구 사항:\n   넥서스,,False,,,
,Forge Requires:\n   Nexus,포지 요구 사항:\n   넥서스,,False,,,
,Photon Cannon Requires:\n   Forge,포톤 캐논 요구 사항:\n   포지,,False,,,
,Shield Battery Requires:\n   Gateway,쉴드 배터리 요구 사항:\n   게이트웨이,,False,,,
,Cybernetics Core Requires:\n   Gateway,사이버네틱스 코어 요구 사항:\n   게이트웨이,,False,,,
,Robotics Facility Requires:\n   Cybernetics Core,로보틱스 퍼실리티 요구 사항:\n   사이버네틱스 코어,,False,,,
,Mutalisk Requires:\n   Spire,뮤탈리스크 요구 사항:\n   스파이어,,False,,,
,Stargate Requires:\n   Cybernetics Core,스타게이트 요구 사항:\n   사이버네틱스 코어,,False,,,
,Citadel of Adun Requires:\n   Cybernetics Core,씨타델 오브 아둔 요구 사항:\n   사이버네틱스 코어,,False,,,
,Observatory Requires:\n   Robotics Facility,옵저버토리 요구 사항:\n   로보틱스 퍼실리티,,False,,,
,Robotics Support Bay Requires:\n   Robotics Facility,로보틱스 서포트 베이 요구 사항:\n   로보틱스 퍼실리티,,False,,,
,Fleet Beacon Requires:\n   Stargate,플릿 비콘 요구 사항:\n   스타게이트,,False,,,
,Templar Archives Require:\n   Citadel of Adun,템플러 아카이브스 요구 사항:\n   시타델 오브 아둔,,False,,,
,Arbiter Tribunal Requires:\n   Stargate\n   Templar Archives,아비터 트라이뷰널 요구 사항:\n   스타게이트\n   템플러 아카이브스,,False,,,
,Zerglings Require:\n   Spawning Pool,저글링 요구 사항:\n   스포닝 풀,,False,,,
,Hydralisk Requires:\n   Hydralisk Den,히드라 요구 사항:\n   히드라리스크 덴,,False,,,
,Ultralisk Requires:\n   Ultralisk Cavern,울트라리스크 요구 사항:\n   울트라리스크 캐번,,False,,,
,Guardian Aspect Requires:\n   Greater Spire,가디언 요구 사항:\n   그레이터 스파이어,,False,,,
,Queen Requires:\n   Queen's Nest,퀸 요구 사항:\n   퀸스 네스트,,False,,,
,Defiler Requires:\n   Defiler Mound,디파일러 요구 사항:\n   디파일러 마운드,,False,,,
,Scourge Require:\n   Spire,스컬지 요구 사항:\n   스파이어,,False,,,
,Lair Requires:\n   Spawning Pool,레어 요구 사항:\n   스포닝 풀,,False,,,
,Hive Requires:\n   Queen's Nest,하이브 요구 사항:\n   퀸스 네스트,,False,,,
,Nydus Canal Requires:\n   Hive,나이더스 커널 요구 사항:\n   하이브,,False,,,
,Hydralisk Den Requires:\n   Spawning Pool,히드라리스크 덴 요구 사항:\n   스포닝 풀,,False,,,
,Spire Requires:\n   Lair,스파이어 요구 사항:\n   레어,,False,,,
,Greater Spire Requires:\n   Hive,그레이터 스파이어 요구 사항:\n   하이브,,False,,,
,Queen's Nest Requires:\n   Lair,퀸스 네스트 요구 사항:\n   레어,,False,,,
,Evolution Chamber Requires:\n   Hatchery,에볼루션 체임버 요구 사항:\n   해처리,,False,,,
,Ultralisk Cavern Requires:\n   Hive,울트라리스크 캐번 요구 사항:\n   하이브,,False,,,
,Defiler Mound Requires:\n   Hive,디파일러 마운드 요구 사항:\n   하이브,,False,,,
,Spawning Pool Requires:\n   Hatchery,스포닝 풀 요구 사항:\n   해처리,,False,,,
,Not Implemented,구현 안 됨,,False,,,
,Spore Colony Requires:\n   Evolution Chamber,스포어 콜로니 요구 사항:\n   에볼루션 체임버,,False,,,
,Sunken Colony Requires:\n   Spawning Pool,성큰 콜로니 요구 사항:\n   스포닝 풀,,False,,,
,Carrier Attack:\n   Build Interceptors,캐리어 공격:\n   인터셉터 생산,,False,,,
,Reaver Attack:\n   Build Scarabs,리버 공격:\n   스캐럽 생산,,False,,,
,Nuclear Strike Requires:\n   Armed Nuclear Silo,뉴클리어 스트라이크 요구 사항:\n   무장한 뉴클리어 사일로,,False,,,
,mk,mk,,False,,,
,Kills:,처치:,,False,,,
,Evolving,진화 중,,False,,,
,Upgrading,업그레이드 중,,False,,,
,Researching,연구 중,,False,,,
,Developing,개발 중,,False,,,
,Morphing,변태 중,,False,,,
,Building,생산 중,,False,,,
,Opening Warp Gate,차원 관문 개방,,False,,,
,Damage:,공격력:,,False,,,
,Armor:,장갑:,,False,,,
,Shields:,보호막:,,False,,,
,Mining Delay:,채광 지연:,,False,,,
,Production,생산,,False,,,
,Unit Ptr:,유닛 PTR:,,False,,,
,Current Order:,현재 순서:,,False,,,
,Next Order:,다음:,,False,,,
,'% Complete','% 완료',,False,,,
,Order:,명령:,,False,,,
,Mutating,변이 중,,False,,,
,Adding On,부착 중,,False,,,
,Opening Warp Rift,차원 균열 개방,,False,,,
,Summoning,소환 중,,False,,,
,Scarabs,스캐럽,,False,,,
,Nukes,핵,,False,,,
,Next Level:,다음 레벨:,,False,,,
,Minerals:,미네랄:,,False,,,
,Vespene Gas:,베스핀 가스:,,False,,,
,Depleted,소진됨,,False,,,
,Under Construction,건설 중,,False,,,
,Cancel Morph (%s),변태 취소 (%s),,False,,,
,Cancel Construction (%s),건설 취소 (%s),,False,,,
,Cancel Warp (%s),소환 취소 (%s),,False,,,
,Cancel Upgrade,업그레이드 취소,,False,,,
,Cancel Research,연구 취소,,False,,,
,Cancel Morph,변태 취소,,False,,,
,Unload Unit (%s),유닛 내보내기 (%s),,False,,,
,Click: Select Unit\nShift+Click: Deselect Unit\nCtrl+Click: Select Unit Type,클릭: 유닛 선택\nShift+클릭: 유닛 선택 해제\nCtrl+클릭: 유닛 유형 선택,,False,,,
,Show Terrain in Minimap (Tab),미니맵에 지형 보이기 (Tab),,False,,,
,Hide Terrain in Minimap (Tab),미니맵에서 지형 숨기기 (Tab),,False,,,
,Diplomacy,외교,,False,,,
,Messaging,메시지,,False,,,
,Game Menu (F10),게임 메뉴 (F10),,False,,,
,Control Provided:,제어 제공:,,False,,,
,Supplies Provided:,보급품 공급:,,False,,,
,Psi Provided:,사이오닉 공급:,,False,,,
,Total Control:,총 제어:,,False,,,
,Total Supplies:,총 보급품:,,False,,,
,Total Psi:,총 사이오닉:,,False,,,
,Control Used:,제어 사용:,,False,,,
,Supplies Used:,사용한 보급품,,False,,,
,Psi Used:,사용한 사이오닉:,,False,,,
,Control Max:,최대 제어:,,False,,,
,Supplies Max:,보급품 한도:,,False,,,
,Psi Max:,사이오닉 한도:,,False,,,
,Parasite Detected,패러사이트 탐지,,False,,,
,Disabled,비활성화됨,,False,,,
,Unpowered,전력 차단됨,,False,,,
,Detector,디텍터,,False,,,
,Units,유닛,,False,,,
,Resources,자원,,False,,,
,Kills,처치,,False,,,
,Score,점수,,False,,,
,Units to go,이동할 유닛,,False,,,
,Resources to go,남은 자원,,False,,,
,Kills to go,남은 처치 수,,False,,,
,Score to go,남은 점수,,False,,,
,Nowhere to return to...can't return.,돌아갈 곳이 없어서 돌아갈 수 없습니다.,,False,,,
,Too many underlings...create more Overlords.,부하가 너무 많습니다. 오버로드를 더 생산하십시오.,,False,,,
,Not enough supplies...build more Supply Depots.,보급품이 부족합니다. 서플라이 디포를 더 건설하십시오.,,False,,,
,Not enough psi...build more Pylons.,사이오닉 에너지가 부족합니다. 파일론을 더 건설하십시오.,,False,,,
,Underling limit exceeded.,유닛 수 제한을 초과했습니다.,,False,,,
,Supply limit exceeded.,보급품 한도를 초과했습니다.,,False,,,
,Psi limit exceeded.,사이오닉 한도를 초과했습니다.,,False,,,
,Not enough minerals...mine more minerals.,미네랄이 부족합니다. 미네랄을 더 채취하십시오.,,False,,,
,Not enough Vespene gases....harvest more gas.,베스핀 가스가 부족합니다... 가스를 더 채취하십시오.,,False,,,
,You can't build next to minerals or geysers.,미네랄 또는 가이저 바로 옆에는 지을 수 없습니다.,,False,,,
,An undetected unit is in the way.,탐지되지 않은 유닛이 있습니다.,,False,,,
,You can't build off the map.,지도 밖에는 건설할 수 없습니다.,,False,,,
,You can't build near the edge of the map.,지도 모서리에는 건설할 수 없습니다.,,False,,,
,You can't build there.,그곳에는 지을 수 없습니다.,,False,,,
,You must explore there first.,먼저 탐사해야 합니다.,,False,,,
,You must currently be able to see the location.,해당 위치의 시야를 확보해야 합니다.,,False,,,
,"Could not build there, find a Vespene Geyser to build on.",베스핀 가이저에 지어야 합니다.,,False,,,
,You must build on the Creep.,점막 위에 지어야 합니다.,,False,,,
,You must build near a Pylon.,파일론 근처에 지어야 합니다.,,False,,,
,Couldn't reach the building site.,건설 지역에 도달할 수 없습니다.,,False,,,
,You can't land there.,그곳에는 지을 수 없습니다.,,False,,,
,Not enough energy.,에너지가 부족합니다.,,False,,,
,Nothing to harvest. Find a Mine or a Vespene Geyser.,채취할 자원이 없습니다. 광물 또는 베스핀 가이저를 찾으십시오.,,False,,,
,Goliath Turret,골리앗 터렛,,False,,,
,"Nothing to harvest. Find a Mine, or build an Assimilator at a Vespene Geyser.",채취할 자원이 없습니다. 광물을 찾거나 베스핀 가이저에 어시밀레이터를 건설하십시오.,,False,,,
,Must target severely damaged Terran Command Center.,심각하게 손상된 테란 커맨드 센터를 대상으로 해야 합니다.,,False,,,
,Unit's waypoint list is full.,유닛 이동 지점 목록이 가득 찼습니다.,,False,,,
,Unable to add order.,지시를 추가할 수 없습니다.,,False,,,
,"Running low on orders, your last order was not processed.",명령이 지연되고 있습니다. 마지막 명령이 수행되지 않았습니다.,,False,,,
,Not enough life remaining.,남은 체력이 부족합니다.,,False,,,
,Vespene Geyser depleted.,베스핀 간헐천이 소진되었습니다.,,False,,,
,Invalid target.,잘못된 대상입니다.,,False,,,
,Unable to target structure.,구조물을 대상으로 할 수 없습니다.,,False,,,
,Must target units.,유닛을 대상으로 해야 합니다.,,False,,,
,Unable to attack target.,대상을 공격할 수 없습니다.,,False,,,
,Must target mechanical units.,기계 유닛을 대상으로 해야 합니다.,,False,,,
,Must target damaged mechanical units or damaged complete buildings.,피해 받은 기계 유닛 또는 건설이 완료된 피해 받은 건물을 대상으로 해야 합니다.,,False,,,
,Must target Terran units.,테란 유닛을 대상으로 해야 합니다.,,False,,,
,Must target non-robotic ground units.,기계가 아닌 지상 유닛을 대상으로 해야 합니다.,,False,,,
,Must target ground.,지면을 대상으로 해야 합니다.,,False,,,
,Target out of range.,대상이 사거리를 벗어났습니다.,,False,,,
,Target is too close.,대상이 너무 가깝습니다.,,False,,,
,Can only pick up your own transportable units.,수송 가능한 자신의 유닛만 태울 수 있습니다.,,False,,,
,Not enough room for unit.,공간이 부족합니다.,,False,,,
,Must gather from a Mineral Field or Vespene Geyser.,미네랄 필드 또는 베스핀 가이저에서 채취해야 합니다.,,False,,,
,Morph an Extractor there first.,먼저 익스트랙터로 변태해야 합니다.,,False,,,
,Build a Refinery there first.,먼저 리파이너리를 건설해야 합니다.,,False,,,
,Build an Assimilator there first.,먼저 어시밀레이터를 건설해야 합니다.,,False,,,
,Must gather gases from your own geyser.,가스는 자신의 가이저에서 채취해야 합니다.,,False,,,
,Units in stasis can't be targeted.,정지장 안의 유닛은 대상으로 할 수 없습니다.,,False,,,
,Must target non-hovering ground units.,움직이지 않는 지상 유닛을 대상으로 해야 합니다.,,False,,,
,Must target passable terrain.,통과 가능한 지형을 대상으로 해야 합니다.,,False,,,
,Die,죽음,,False,,,
,Fizzle,전소,,False,,,
,Guard,방어,,False,,,
,Player Guard,플레이어 보호,,False,,,
,Turret Guard,포탑 방어,,False,,,
,Train,훈련,,False,,,
,Bunker Guard,벙커 보호,,False,,,
,Ignore,무시,,False,,,
,Carrier Ignore,캐리어 무시,,False,,,
,Carrier Stop,캐리어 정지,,False,,,
,Reaver Stop,리버 정지,,False,,,
,Attack Unit,공격 유닛,,False,,,
,Attack Fixed Range,고정 사거리 공격,,False,,,
,Move Attack Unit,유닛 이동 공격,,False,,,
,Attack Tile,타일 공격,,False,,,
,Hover,부양,,False,,,
,Attack Move,공격 이동,,False,,,
,Atk Move EP,공격 이동 EP,,False,,,
,Harass Move,괴롭힘 이동,,False,,,
,AI Patrol,인공지능 순찰,,False,,,
,Tower,포탑,,False,,,
,Vulture Mine,벌쳐 마인,,False,,,
,Carrier Attack,캐리어 공격,,False,,,
,Carrier Attack Move,캐리어 공격 이동,,False,,,
,Stay In Range,사거리 유지,,False,,,
,Turret Attack,포탑 공격,,False,,,
,Nothing,없음,,False,,,
,Drone Start Build,드론 건설 시작,,False,,,
,Drone Build,드론 건설,,False,,,
,Drone Attack Unit,드론 유닛 공격,,False,,,
,Infest Mine,해병 감염,,False,,,
,Build,건설,,False,,,
,Build Protoss,프로토스 건설,,False,,,
,Pylon Build,파일론 건설,,False,,,
,Construct Building,건물 건설,,False,,,
,Place Add-On,부속건물 배치,,False,,,
,Build Add-On,부속건물 건설,,False,,,
,Zerg Birth,저그 탄생,,False,,,
,Morph,변태,,False,,,
,Zerg Building Morph,저그 건물 변태,,False,,,
,Build Self,자체 건설,,False,,,
,Zerg Build Self,저그 자체 건설,,False,,,
,Enter Nydus Canal,나이더스 커널 입장,,False,,,
,Protoss Build Self,프로토스 자체 건설,,False,,,
,Follow,따르기,,False,,,
,Carrier,캐리어,,False,,,
,Carrier Fight,캐리어 전투,,False,,,
,Reaver,리버,,False,,,
,Reaver Attack,리버 공격,,False,,,
,Reaver Fight,리버 전투,,False,,,
,Reaver Hold,리버 홀드,,False,,,
,Train Fighter,전투기 훈련,,False,,,
,Strafe Unit,집중 포격 유닛,,False,,,
,Return,반환,,False,,,
,Drone Land,드론 내리기,,False,,,
,Building Land,건물 착륙,,False,,,
,Building Lift Off,건물 이륙,,False,,,
,Drone Lift Off,드론 들기,,False,,,
,Lift Off,이륙,,False,,,
,Reasearch Tech,연구 기술,,False,,,
,Upgrade,업그레이드,,False,,,
,Larva,라바,,False,,,
,Spawning Larva,라바 생성 중,,False,,,
,Harvest,채취,,False,,,
,Harvest Gas,가스 채취,,False,,,
,Return Gas,가스 반환,,False,,,
,Harvest Minerals,미네랄 채취,,False,,,
,Return Minerals,미네랄 반환,,False,,,
,Enter Transport,수송기 탑승,,False,,,
,Pick Up,획득,,False,,,
,Powerup,강화,,False,,,
,Watch Target,대상 주시,,False,,,
,Initing Creep Growth,점막 확산 시작,,False,,,
,Stopping Creep Growth,점막 성장 중지,,False,,,
,Spread Creep,점막 확산,,False,,,
,Warping Archon,아콘 소환,,False,,,
,Completing Archon Summon,아콘 소환 완료,,False,,,
,Unload,내보내기,,False,,,
,Move Unload,이동 내보내기,,False,,,
,Fire Yamato Gun,아마토 건 발사,,False,,,
,Magna Pulse,마그마 분출,,False,,,
,Burrowed,버로우,,False,,,
,Cast Parasite,패러사이트 시전,,False,,,
,Summon Broodlings,브루드링 소환,,False,,,
,Nuke Wait,핵 대기,,False,,,
,Nuke Train,핵 훈련,,False,,,
,Nuke Launch,뉴클리어 런치,,False,,,
,Nuke Paint,핵 색칠,,False,,,
,Nuke Unit,핵 유닛,,False,,,
,Nuke Ground,핵 지역,,False,,,
,Nuke Track,핵 추적,,False,,,
,Initializing Arbiter,아비터 가동,,False,,,
,Cloaking nearby units,주위 유닛 클로킹,,False,,,
,Place Mine,지뢰 매설,,False,,,
,Right Click Action,오른쪽 마우스 클릭,,False,,,
,Left Click Action,마우스 왼쪽 클릭,,False,,,
,Sap Unit,유닛 약화,,False,,,
,Sap Location,지역 약화,,False,,,
,Teleport,순간 이동,,False,,,
,Teleport to Location,순간이동,,False,,,
,Place Scanner,스캐너 배치,,False,,,
,Scanner,스캐너,,False,,,
,Reset Collision,충돌 재설정,,False,,,
,Computer AI,컴퓨터 인공지능,,False,,,
,Guard Post,경비초소,,False,,,
,Rescue Passive,구출 수동,,False,,,
,Neutral,중립,,False,,,
,Computer Return,컴퓨터 복귀,,False,,,
,Initing Psi Provider,사이오닉 공급 시작,,False,,,
,Self Destructing,자폭 중,,False,,,
,Decaying creep,부식 점막,,False,,,
,Shield Battery,쉴드 배터리,,False,,,
,Rally Point,집결 지점,,False,,,
,CTF COP Init,CTF COP Init,,False,,,
,CTF COP,CTF COP,,False,,,
,Critter,중립 동물,,False,,,
,Hidden Gun,숨겨진 총,,False,,,
,Open Door,문 열기,,False,,,
,Close Door,문 닫기,,False,,,
,Hide Trap,함정,,False,,,
,Reveal Trap,함정 보이기,,False,,,
,Enable Doodad,장식물 사용,,False,,,
,Disable Doodad,장식물 사용 안 함,,False,,,
,Warp In,소환,,False,,,
,Hide and Suicide,은폐 자폭,,False,,,
,Fatal,치명적,,False,,,
,Nuclear launch detected.,뉴클리어 공격이 감지되었습니다.,,False,,,
,Structure,구조물,,False,,,
,Cliff,언덕,,False,,,
,Grass,잔디,,False,,,
,Dirt,흙,,False,,,
,Water,물,,False,,,
,Jungle,밀림,,False,,,
,Platform,정거장,,False,,,
,Floor,바닥,,False,,,
,Wall,벽,,False,,,
,Tar,타르,,False,,,
,Snow,눈,,False,,,
,Ice,얼음,,False,,,
,Outpost,전초 기지,,False,,,
,Mud,진흙,,False,,,
,Halo Rockets,광륜 로켓,,False,,,
,Corrosive Acid,부식성 산,,False,,,
,Subterranean Spines,지하 등뼈,,False,,,
,Neutron Flare,중성자 섬광탄,,False,,,
,Mind Control,마인드 컨트롤,,False,,,
,Healing,힐링,,False,,,
,Restoration,리스토레이션,,False,,,
,Optical Flare,옵티컬 플레어,,False,,,
,Research Restoration\n(Medic ability),리스토레이션 연구\n(메딕 능력),,False,,,
,Research Optical Flare\n(Medic ability),옵티컬 플레어 연구\n(메딕 능력),,False,,,
,Heal,힐,,False,,,
,Restoration:\n   Research at Academy,리스토레이션:\n   아카데미에서 연구,,False,,,
,Optical Flare:\n   Research at Academy,옵티컬 플레어:\n   아카데미에서 연구,,False,,,
,Lurker Aspect,러커,,False,,,
,Evolve Lurker Aspect\n(Hydralisk ability),러커 진화 (L)\n(히드라리스크 능력),,False,,,
,Lurker Aspect:\n   Requires Lair,러커:\n   요구 사항 레어,,False,,,
,Disruption Web,분열망,,False,,,
,Dark Archon Meld,다크 아콘 합체,,False,,,
,Feedback,피드백,,False,,,
,Maelstrom,메일스트롬,,False,,,
,Develop Disruption Web\n(Corsair ability),디스럽션 웹 개발\n(커세어 능력),,False,,,
,Devourer Aspect,디바우러,,False,,,
,Develop Mind Control\n(Dark Archon ability),마인드 컨트롤 연구\n(다크 아콘 능력),,False,,,
,Develop Feedback\n(Dark Archon ability),피드백 개발\n(다크 아콘 능력),,False,,,
,Develop Maelstrom\n(Dark Archon ability),메일스트롬 개발\n(다크 아콘 능력),,False,,,
,Disruption Web:\n   Develop at Fleet Beacon,디스럽션 웹:\n   플릿 비콘에서 개발,,False,,,
,Mind Control:\n   Research at Templar Archives,마인드 컨트롤:\n   템플러 아카이브스에서 연구,,False,,,
,Dark Archon Meld:\n   Research at Templar Archives,다크 아콘 합체:\n   템플러 아카이브스에서 연구,,False,,,
,Dark Archon Warp:\n   Select 2 or more Dark Templars,다크 아콘 합체:\n   2기 이상의 다크 템플러 선택,,False,,,
,Feedback:\n   No requirement,피드백:\n   요구 사항 없음,,False,,,
,Maelstrom:\n   Develop at Templar Archives,메일스트롬:\n   템플러 아카이브스에서 개발,,False,,,
,Caduceus Reactor,카두세우스 리액터,,False,,,
,Charon Booster,카론 부스터,,False,,,
,Medic,메딕,,False,,,
,Anabolic Synthesis,합성 동화 작용,,False,,,
,Chitinous Plating,카이트너스 플레이팅,,False,,,
,Argus Jewel,아르거스 쥬얼,,False,,,
,Argus Talisman,아르거스 탈리스만,,False,,,
,Research Caduceus Reactor\n(+50 Medic energy),카두세우스 리액터\n(메딕 에너지 +50),,False,,,
,Research Charon Boosters\n(Increased Goliath Missile Range),카론 부스터 연구\n(골리앗 미사일 사거리 증가),,False,,,
,Evolve Anabolic Synthesis\n(Faster Ultralisk Movement),아나볼릭 신테시스 진화\n(울트라리스크 이동 속도 증가),,False,,,
,Evolve Chitinous Plating\n(Improved Ultralisk Armor),카이트너스 플레이팅 진화\n(울트라리스크 방어력 증가),,False,,,
,Develop Argus Jewel\n(+50 Corsair energy),아르거스 쥬얼 개발\n(커세어 에너지 +50),,False,,,
,Develop Argus Talisman\n(+50 Dark Archon energy),아르거스 탈리스먼 개발\n(다크 아콘 에너지 +50),,False,,,
,Research Charon Booster:\n   Requires Armory,카론 부스터 연구:\n   요구 사항 아머리,,False,,,
,Morph to Lurker,러커로 변태,,False,,,
,Train Medic,메딕 훈련,,False,,,
,Build Valkyrie,발키리 생산,,False,,,
,Warp in Corsair,커세어 소환,,False,,,
,Warp in Dark Templar,다크 템플러 소환,,False,,,
,Medic Requires:\n   Academy,메딕 요구 사항:\n   아카데미,,False,,,
,Valkyrie Requires:\n   Attached Control Tower\n   Armory,발키리 요구 사항:\n   부착된 컨트롤 타워\n   아머리,,False,,,
,Dark Templar Requires:\n   Templar Archives,다크 템플러 요구 사항:\n   템플러 아카이브스,,False,,,
,Devourer Aspect Requires:\n   Greater Spire,디바우러 요구 사항:\n   그레이터 스파이어,,False,,,
,Lurker Aspect:\n   Evolve at Hydralisk Den,러커:\n   히드라리스크 덴에서 진화,,False,,,
,Blind,블라인드,,False,,,
,Acid Spores,애시드 스포어,,False,,,
,Random,무작위,,False,Race,,
,Terran,테란,,False,Race,,
,Protoss,프로토스,,False,Race,,
,Zerg,저그,,False,Race,,
,Observer,관전자,,False,,,
,Observers,관전자,,False,,,
,Melee,섬멸전,,False,Game type,,
,Free For All,개별 전투,,False,Game type,,
,One on One,1대1,,False,Game type,,
,Capture The Flag,깃발 뺏기,,False,Game type,,
,Greed,탐욕,,False,Game type,,
,Slaughter,학살,,False,Game type,,
,Sudden Death,서든데스,,False,Game type,,
,Team Melee,팀 섬멸전,,False,Game type,,
,Team Free For All,팀 개별 전투,,False,Game type,,
,Team Capture The Flag,팀 깃발 뺏기,,False,Game type,,
,Top vs Bottom,홈팀 대 원정팀,,False,Game type,,
,Use Map Settings,유즈맵 설정,,False,Game type,,
,Badlands,악지,,False,Map tileset,,
,Space,우주,,False,Map tileset,,
,Installation,시설,,False,Map tileset,,
,Ashworld,화산지,,False,Map tileset,,
,Jungle,밀림,,False,Map tileset,,
,Desert,사막,,False,Map tileset,,
,Ice,얼음,,False,Map tileset,,
,Twilight,황혼,,False,Map tileset,,
,Login name,로그인 이름,,False,,,
,Display name,표시 이름,,False,,,
